title,post_date,image_url
종부세 내는 사람 4.8만명 늘어난 이유 살펴봤더니…’수·다·고’가 대부분,2024-11-30,https://image.economist.co.kr/data/ecn/image/2024/11/30/ecn20241130000003.160x122.0.jpg
얼어붙은 부동산 시장…기준금리 인하에도 한동안 ‘겨울바람’ 전망,2024-11-29,https://image.economist.co.kr/data/ecn/image/2024/11/29/ecn20241129000060.160x122.0.jpg
"이도-한림읍, 청정지역 제주시 한림읍 해양폐기물 처리 ‘맞손’",2024-11-29,https://image.economist.co.kr/data/ecn/image/2024/11/29/ecn20241129000039.160x122.0.jpg
'서울원' 흥행·재무구조 개선에 실적 호조 기록한 HDC현산,2024-11-29,https://image.economist.co.kr/data/ecn/image/2024/11/29/ecn20241129000031.160x122.0.jpg
현대건설 ‘힐스테이트 등촌역’ 견본주택 29일 개관,2024-11-29,https://image.economist.co.kr/data/ecn/image/2024/11/29/ecn20241129000026.160x122.0.jpg
삼쩜삼 “2019년 종부세 과다 납부분 환급 신청 기한 얼마 안 남았어요”,2024-11-28,https://image.economist.co.kr/data/ecn/image/2024/11/28/ecn20241128000098.160x122.0.jpg
'용산국제업무지구' 청사진 공개...초고층 빌딩·글로벌 기업 유치,2024-11-28,https://image.economist.co.kr/data/ecn/image/2024/11/28/ecn20241128000070.160x122.0.jpg
정병윤 리츠협회장 “국내 리츠 경쟁력 높이기 위한 과제 해결 필요”,2024-11-28,https://image.economist.co.kr/data/ecn/image/2024/11/28/ecn20241128000060.160x122.0.png
"DL이앤씨, ‘아크로 리츠카운티‘ 분양 예정",2024-11-28,https://image.economist.co.kr/data/ecn/image/2024/11/28/ecn20241128000023.160x122.0.jpg
‘이재명 아파트’도 재건축된다…1기 선도지구 발표,2024-11-27,https://image.economist.co.kr/data/ecn/image/2024/11/27/ecn20241127000080.160x122.0.jpg
